# x_coordinary,y_coordinary
1.076031,1.917310
3.484420,2.463055
5.220339,0.577188
0.000000,0.000000
5.000000,4.000000
3.000000,4.000000
1.000000,1.000000
