# x_coordinary,y_coordinary
0.649367,3.166478
3.178352,1.315022
