# x_coordinary,y_coordinary
1.000000,3.000000
3.000000,1.000000
5.000000,2.500000
